algo,n,runs,warmup,min_s,median_s,mean_s,stdev_s,muls,adds,gops_per_s,rss_after_warmup,rss_peak,checksum
alphaevolve,4,5,1,0.000001885,0.000001886,0.000001914,0.000000034,48,320,0.1923,1912832,1912832,-1.964346e+00
alphaevolve,8,5,1,3.282000000e-06,3.422000000e-06,3.436200000e-06,1.787259354e-07,384,2560,8.5676e-01,1912832,1912832,4.994161e+00
alphaevolve,16,5,1,7.123000000e-06,1.389800000e-05,1.248720000e-05,2.688278364e-06,3072,20480,1.8861e+00,1912832,1912832,1.096686e+01
alphaevolve,128,5,1,2.591251000e-03,2.626242000e-03,2.622414200e-03,1.761369314e-05,1572864,10485760,4.5983e+00,4141056,4141056,-4.494697e+02
alphaevolve,256,5,1,2.185110200e-02,2.274995800e-02,2.387302040e-02,2.058876838e-03,12582912,83886080,4.0409e+00,6688768,6688768,-1.260504e+03
alphaevolve,1024,5,1,2.686242874e+00,2.695601885e+00,2.695610950e+00,6.681954036e-03,805306368,5368709120,2.2904e+00,53874688,53874688,1.761270e+04
